4.685771741359613,9.70948946852386,0.09722062324325483
-5.901051489225891,6.493810710866061,-0.002279720659351905
7.963954316275611,0.04393435052701555,0.12394557021195377
9.404066247246032,2.041620915082733,0.15459375898940292
9.827621920258458,-7.053575606266797,0.0037171741132054894
-3.958024185844817,5.769061260734222,-0.00454958132369092
7.279698459346356,1.7256867322001632,0.12081668384223855
-5.335093580482146,-2.5333235372420386,-0.0006105567794935537
7.406761253564071,3.8897693393252393,0.13090660091531128
-0.04122393995750251,0.15574855169820268,0.0002594942824797892
-2.3943845671735486,-5.961189959730464,-0.0037747281760153817
2.663217465257933,0.3364545066574127,0.03039014953501495
-0.6822663485620843,6.6190536603129,0.004800578591726463
3.8848379656001413,2.4095295215345818,0.07163629008241056
0.7703831849638938,-1.7291499882724466,0.0008004254283385694
-9.13993368486768,-1.6076416300594474,-0.00010959068495473533
-2.7822168645113017,-4.684632794321029,-0.004026404451732621
-6.955691180372585,3.079534830274575,-0.013426685063289265
-3.9563024355826837,-3.775520873089329,-0.0021105940442270365
-3.650950223688829,-8.726611634640566,-0.0023255823226353595
9.32582298572321,-6.131450194096697,0.01788094122731874
-9.464482552896332,4.711902933656473,-0.006912453036819042
-2.6997223576699607,0.12455489355722804,-0.004121822873318579
-8.311116572717893,5.595925659585939,-0.003625257250450548
-5.444261193575808,6.218661752873508,-0.0031062713333620674
-7.232704089059867,-1.3196455882814924,-0.00024560008199962417
-1.2138848859162277,5.993297630508291,0.00244474827232697
3.919420420011285,-3.7766282871713237,0.02389404376488354
-8.0000614036117,7.18100847734862,-0.001014940703406276
-9.130450715058444,3.2498918560100325,-0.0072740766357833955
-4.477897428082683,4.3591133206052035,-0.017469687811957693
-4.532615463908938,-2.905780153450042,-0.0012046183851133479
-3.5371716932705173,-5.359024945693234,-0.0031243583691316535
-5.239795428444398,-5.760625450730772,-0.0010561617908191607
-5.385892896358239,4.202929094596318,-0.021112421457481326
9.267923825121109,8.34947577370044,0.15276787530494568
6.850996537751758,1.9395681628758172,0.11518949145922004
-9.013723015944478,7.1601654231854575,-0.0010851030583186436
8.814141243099431,-4.641361944490883,0.09155055731360459
-7.197171208041812,8.091859173307643,-0.0005325854349042425
3.3241200431648075,-6.1929928873474065,0.005810640017451167
0.13269898654682244,2.6557394674414088,0.008297334082202209
9.270619493092184,7.235347122878387,0.15021637910633198
-7.60608396965422,2.638793045061396,-0.007680197857414793
1.1027264691656633,-2.1071099497159596,0.001449349696945126
-4.117827799426054,-6.67093622823165,-0.0022210851834341427
-0.7422525912044975,-5.129928100835784,-0.004935775180465762
4.0751726865301094,4.461783183795358,0.08130553070822615
1.8303585959692157,2.938990325007513,0.03825788431130037
-8.635315149042981,0.8011526798916364,-0.0017661083817596059
-8.51009213590862,3.616473513260054,-0.007032141701164446
-5.057626069623815,-7.150420592019131,-0.00132184398047241
8.275512637029621,9.93983555998285,0.14538109339128855
0.014850601093892024,-9.410492995030141,-0.0024118681029386864
-7.552102385578367,-3.942607548053825,-8.190022303108137e-05
-5.338661479809598,-5.267510815481538,-0.0009092186959748261
3.7678962381649512,8.92976409194048,0.08189582451180455
4.766796983031885,-3.539082095437129,0.048522035973802
-7.041503907133753,9.437124880538473,-0.000293029270168294
4.305657033340882,9.86248346604819,0.09263341307508799
-4.343612207666321,-9.136704633870599,-0.0022241340028411848
1.831308926406285,9.756875762013838,0.05001943657471408
-6.566772172715143,4.698040131323733,-0.011768163450915168
-9.749954105587257,4.876466846277685,-0.007300200011157833
1.6341572312483947,-5.565942252056518,0.0008168723300653847
-2.2583954849545123,-3.5997140234967944,-0.004140585160696539
3.159035253803289,-1.551600977093619,0.02049451596370172
7.423183392056135,-0.27878482305623287,0.11428011371715066
-0.18015235316598144,-4.482687490918331,-0.004635716344229716
5.904728721903329,-7.5353180329333185,0.020728405196531425
2.4275791768808848,-2.635787753470577,0.007062532566825888
2.8463285845407427,4.799553464270364,0.0620769238722111
5.923095892595603,1.3189252476386208,0.09831184888870206
-1.6210387801092612,2.2417404341862923,-0.0036843075141530005
5.068961233079639,6.561797956509274,0.09286842564402172
8.297282058033609,-8.594743884353777,0.007028113570393001
-3.061683151564269,4.976836750393769,-0.007150868994830405
4.172524169201857,-6.154557465638922,0.012125720639325595
-9.808202946354248,9.899728590113998,-0.0003574104146159534
0.24706505310891558,5.5728481618207155,0.01516005851689839
-4.0741431932543115,5.930646160835391,-0.0038768151645051296
-2.4362021969049508,5.727421859362334,-0.0021081704194532537
-0.3289029471548215,-5.64014969803951,-0.0043965282833406645
-6.792107963636371,7.854715653679499,-0.0006231622635757307
-4.105314192282412,2.976541701195716,-0.02218043350184338
4.013209762965493,8.621948127060122,0.08425725093086142
5.888208095972891,-0.26785260082189133,0.09083075411009303
9.777592642865127,-8.814918306911093,0.0012258773627764764
3.928135074711731,0.7671325976283843,0.06395235026762966
7.0784218290444265,2.850657474822661,0.12250739523080675
-4.84502313878491,-1.771682202335409,-0.0010032664334507588
9.131576003014928,-6.322676489915084,0.01762848943384011
-9.824406740776636,2.1623527173103874,-0.007426814178219329
2.7052094069226484,4.96746374497871,0.05965019156694091
6.374475968136057,3.6728757757620443,0.11459336187892141
7.144216748721593,1.9976232670952054,0.11992177933139683
-6.071793989947036,-0.8918292385130329,-0.0009134673490311515
-9.101252170354792,9.442979513591762,-0.00034276645933316015
-9.017256249880003,-5.051452213144385,-4.485246669305096e-05
-9.670037364471334,5.91642196123586,-0.0035141272402641616
-5.967441200042234,6.7360923142381,-0.0017492543117367042
-9.768756322538552,2.313286490398628,-0.007631704204561603
6.88699453001481,1.3515196254075885,0.11319179827922371
-0.45353324905132375,0.659813682084847,-0.00025200401280442604
-7.252020596998849,-2.690510267614183,-9.432613941463723e-05
-6.91876792202228,4.923326794808144,-0.008724112066824243
-4.409603834844409,0.8671563285693829,-0.010066522367402032
-7.680781366379319,8.430591391926047,-0.0004426589274727584
-1.4620875158040985,8.375620313922127,0.0014410942027065718
9.502354069132235,-7.019624551071521,0.005529588954164456
3.0670051274070804,-4.8488750411007935,0.010099387973446639
-3.7017618123121725,8.296332566490413,-0.0002981831535546875
8.867023932528603,-1.6199736849396587,0.13043214594883182
9.391534117775446,-8.984743463778326,0.001733961440472226
4.804432301500913,-5.731542845256827,0.02606544691384331
-8.07670514780818,5.384952060433079,-0.0043280994231515825
-6.8396619378911865,-2.0213094846779427,-0.00017704529764512165
7.4746641885019045,-5.1209581178598835,0.07876031840572578
-3.996976622173496,4.775098945812655,-0.01180874747602797
-1.603524210584954,-0.019821882003146385,-0.002010704356849521
5.549788499869699,-9.308578414241833,0.011554069675466804
-3.077149424973933,7.343268952328906,-0.0005377212401269866
1.2169976738415258,-4.404363817585861,0.0004870671896893959
0.8412203949847079,5.308996671560974,0.024638950258232636
5.973589907945431,-7.117399164870511,0.025683446292444664
-2.818606215851367,8.858069292333102,-5.302563512815701e-05
-8.440413120936716,2.019918857793657,-0.004330131108787589
-9.241070008104499,-2.3000404844319045,-4.6893901666244205e-05
-7.443368161197035,3.0345593291391424,-0.009523259268653488
4.511912887190817,-9.868185005744065,0.00538948931264961
0.44063651885257116,-0.8924406779545038,0.0005338899825598366
0.3243955804706289,2.4787793635125013,0.009542343970818904
0.6311994529744691,6.49257159108468,0.019313258321465084
4.003858383355464,5.7242890772186446,0.07874466330588066
0.8098985501481302,4.346379130421912,0.02453414705152986
3.331004253854463,-3.7428756054118573,0.01432551900542687
-6.3991560195761155,0.6596332498967747,-0.004539704259133749
-7.221031466122303,3.868679535165958,-0.0114733443622764
4.134280662625491,8.449243954210623,0.08532759292578847
-8.499967684202488,9.049592906466685,-0.00035740350888688473
-1.5973805087745045,-0.16560668647979604,-0.001969495042195738
0.604768641440721,4.035255587641764,0.020638625114017584
-8.000694271144038,1.4390929972089488,-0.0032849103665917277
0.9406618271532388,-1.436726038254026,0.0013196882980244492
-3.0923974304802693,-7.480612561049673,-0.0025497770651749063
-0.4918846007516571,-7.8197859484319165,-0.002400026550969105
-6.155233605465464,1.5545804713719207,-0.011771036975927194
-8.019380443777123,8.464254230849019,-0.000438904755295991
-6.41513238583026,-4.8577997567287445,-0.0003139459984903601
-5.396245340533373,1.5768990646983045,-0.016187168851458295
6.1487701653352715,6.636387225084114,0.107251998153651
-8.527201809317518,-3.009091123473331,-3.41002810566366e-05
-9.699087132009751,-1.9762830039770165,-8.68870156123433e-05
6.703034019763173,-9.822607550664085,0.014242852457143976
-7.272290586668728,8.526834694017808,-0.0004183538772921449
4.176687602476971,-0.959473728891787,0.054329751474014906
4.137804241639429,7.725336272350162,0.0830133297041697
6.616542662220716,-4.8275322375174685,0.07417976095274074
-3.321654042049502,-1.5086285560736847,-0.0025127054480934318
-8.637883456851691,-5.293327775023455,-5.596404127844999e-05
6.050589361219178,-6.000134314406451,0.0445872733610491
-8.083670214032106,1.7183485486463965,-0.0038800857487236383
-7.583838603909454,-3.4659780913699016,-7.137723813496522e-05
-4.629696972937383,0.16234014754756743,-0.0052069264030373905
-4.534947033573222,-8.473033460549654,-0.0018646353278409845
-3.206191698792087,0.9494845896132542,-0.007929109311902886
-4.73212918481666,5.898822112436587,-0.004342202186083819
9.971779893741399,5.0256203301225355,0.1676591273017552
4.957776006555019,-1.8685098679013628,0.0661484600318861
5.691436571245497,-3.2665251580665107,0.07264234782410599
5.813030713655749,9.940221044174844,0.11296432391832173
-6.480796482967666,2.1907788702305844,-0.014054413768538193
-0.012259149966901361,4.346174269459922,0.012574942195441176
9.224322207869776,7.7204778427114,0.15046233333558767
-2.299282294033185,-3.662414158823408,-0.004144302570889122
9.2490510856076,0.05082120017459779,0.14358149411652302
-2.0072262265039686,-0.07214406733176482,-0.002629053661852979
2.9318254628291402,9.840597718649967,0.07203729105365833
1.2905933063263682,7.88277959849821,0.034557127584685175
8.295201279675073,8.550892704364959,0.1404628991200863
1.919249822815111,2.355407653736677,0.03625432108026108
-3.464852887428753,4.284287217384939,-0.013203458402649297
-9.698046352247783,8.706913832877827,-0.000500315442976471
-1.226817986924111,-7.777587310741945,-0.002522374933041668
6.873094861412717,1.5069698226576218,0.11365446571267991
-7.703497468208265,-9.012242717123629,-0.00026516569372992793
2.3117715803252654,3.518738383141528,0.049884558280923905
4.109626647681456,-3.2210200351054414,0.03127825551652281
-4.533196753724235,5.548358851502961,-0.006292048305054748
7.297837132036651,5.4809223895777155,0.1254376459062697
9.069790931063999,4.570411290104122,0.1562567906291148
5.781582601455915,-6.636445794517853,0.029913588136193284
6.205188402025069,-4.329831414559406,0.07356821313341701
8.96783171877463,6.248528172908124,0.14667663636226533
-1.7684073106862748,-2.7842770668541768,-0.0037347358357329467
1.4191476846600093,-1.7273863756262902,0.00257699158065186
-0.41690142928567475,-3.1097710110553356,-0.0030098135406507226
2.0656739381316704,5.896092511342733,0.04711668140621282
4.373010956060096,8.198496767411452,0.087719810445886
1.356697495877535,-9.316913624251557,-0.001349895338594406
-1.8626742916062895,-9.199401220710062,-0.0024710170256859697
3.150173902230165,-2.668110407676057,0.014324280931079727
4.180986809495948,2.8438858197293513,0.07811883882966644
8.237443116651075,9.15095895843583,0.14180553558099224
7.288552557658345,2.7976337088350256,0.12550704884719038
8.401027885935932,7.594695160549108,0.13910462498546744
9.14801075186913,8.173855059141943,0.15063537932571686
-1.9186477693836874,6.817851794569492,0.0002929511322293589
-1.944121377018888,-5.450136876852429,-0.004344627455867236
0.48122735999506183,1.6482967817884493,0.0064048109414464064
0.6956826151347535,5.180120463392193,0.022445065402564603
-0.48677105816501687,8.248142957203044,0.006332115261410372
-0.002334699732028156,2.3675411913884385,0.005572760005511053
-1.1723609941168718,5.869342785309753,0.0026839044724435235
3.7673590174994924,-6.0233415723913115,0.009312742940557277
1.4349421002415568,-6.463990130836292,-0.0007090372172213899
3.5762844466685966,2.9534579273721278,0.06907074942971086
9.931030579888908,4.666010995487442,0.16868467072553717
-1.4564281938422106,-4.538111186419775,-0.0048990375671830325
-6.379622587340386,0.009488863412229875,-0.002236099087924585
-4.325527670406797,6.071714094154576,-0.003421392881535007
6.357134900015652,-7.952396834864768,0.019919458475106167
-4.521647536499218,-4.5417131124808385,-0.0015783084031379894
-1.610040190449169,1.3996918930899795,-0.0029871294392576943
2.0998223485214993,-8.225890048101189,-0.00013518231818285457
9.48184416943284,0.27897948579045106,0.14812358958596392
-1.3016799871788507,-9.274804756586006,-0.0024955700417092124
-2.6268009536771793,2.244681085478476,-0.008802028178402735
-5.967542895720563,-4.070390396652663,-0.0004139936169341076
2.235620898576972,-6.158638232901959,0.0020206220745959394
-6.615911742150704,-1.7942118066091801,-0.00025143349290917546
5.368909944246795,6.7155042400368075,0.09702196076181277
5.183673542555063,9.71122150759738,0.10383655678146365
3.6599187920670353,-2.749423705658045,0.022959469273678496
-8.253449482368662,2.2289655580824395,-0.004976627843815423
8.16686594585861,-3.6558716658548596,0.10860094842844618
-4.022694357328032,0.12623885159207582,-0.005416370521948425
-4.141399696658034,-3.081746206474718,-0.001660222319187017
5.285456423127528,-8.610470182694574,0.010656203183070216
6.679596197174938,3.58602366558884,0.119022489380529
-2.922059378770701,-2.142527572589632,-0.0028714107775403884
7.053804674702384,-1.5502629834644566,0.10307187472506152
6.45040782275413,8.337837094489874,0.11550485146643072
-4.608551177646392,3.100353963296836,-0.026000964039569405
9.721273503543685,-1.8959686738753376,0.14208773086940407
-8.383375773108,5.178371064503935,-0.004705405731599002
-3.528646228096548,-2.7667612988870953,-0.0023691902303579915
-4.078528794057341,1.9168519314067378,-0.017569531281774204
-5.268275636543844,2.8656220612452863,-0.027959198198110997
-7.737234136953031,7.0187787739064476,-0.0011801869257075204
4.160322145309113,-3.5938091004140116,0.030510150223623533
0.8688586920284518,-2.0124185354082424,0.0009059654275890253
9.22371595054879,-5.965253126341188,0.024001807472074102
-9.12255011212904,-5.033324220621511,-4.3351423473342756e-05
-8.56667775570864,-7.501353242624866,-0.00010791994765085419
9.614071279305222,-3.4245916051718517,0.1262977469361598
-5.586464247833753,9.854745336119983,-0.00020883971200489002
2.848594191407944,-7.421750102285989,0.0013980056045029845
8.967198853191029,-6.0830602594447525,0.026755067621272215
3.477093874326652,4.4167385036232005,0.07206146454651555
9.341994106854056,6.646649612703243,0.1510925927167625
-2.5750001321032308,-0.018008307025432657,-0.00366697309477804
-3.0183411351377476,-2.190900387754704,-0.002799090563154639
2.692605122178236,-5.99283960834311,0.004086158346088243
2.233070740381553,5.460465888914058,0.050748510939001776
6.665483471618604,-8.200462255282572,0.01863089237033549
2.621975241414731,-0.08658699769712186,0.02368821681381349
-2.798577912661897,8.182787324946542,-0.00014686720553362974
-2.985819937746859,-9.55914780276336,-0.002644407786650655
-2.802266314724693,-4.935784837750954,-0.004008200566662928
8.444036815196622,4.113501761630953,0.14710082055104023
-2.1082057534527348,-8.057174003841975,-0.0024474816649155866
-6.238856873435353,4.065441908296936,-0.019037497427363513
-6.731858037761269,8.57484683156406,-0.00039744074583680057
-8.470177897711885,6.789582462891733,-0.0013900090590732248
-0.30151993192356663,6.077043450527373,0.008257437239202404
-0.22474882568265286,-8.178913252252153,-0.0022280580205129422
3.041012887012089,4.090500176657681,0.06436056102993863
-1.8267636513192809,-9.340567786994566,-0.002509351970539805
-1.9225962099484093,4.240201052220289,-0.003809968412448901
2.3300674416966416,1.1846159537758343,0.03360851950534449
-0.6062548806379038,6.189246264275148,0.005716903556764576
-4.695268478889694,5.260205588446977,-0.008627685800512569
1.4807443485942517,-9.203751602891199,-0.0011572221098057518
-1.6583636487761133,3.2718161254710427,-0.0037060811505332295
-1.3018999014088184,-3.1794746520881834,-0.004052416271271371
-7.47820547484896,1.382694125218329,-0.00404795688029523
-6.1177110778088695,1.0569103307653158,-0.007983711418387185
2.6387355437795676,2.9541933370189444,0.05337826115887578
-0.9963983420372546,-3.21022100368765,-0.003925287846404205
-3.6927879829238393,-0.8617214110387899,-0.0027485071006925666
-6.608529226183302,-3.688548118652828,-0.00020222751307363273
-6.488261875740726,4.703834241668554,-0.012086488439415573
-2.5545522284991806,-0.29040592247200436,-0.003313911616376118
4.749492643541872,2.2442077397662725,0.08434713556854076
-9.896645689272908,1.544079883995595,-0.005534711893863858
4.998041301477812,-7.192921274457986,0.013999951778713056
6.639762421048786,6.599020967737076,0.11378795176078615
-3.4263348963691183,5.380897056947884,-0.005905871457073013
-7.501540985649722,-8.34500965250215,-0.00025174394607582523
-6.966584827458789,7.08990930151192,-0.0011805449793625923
-1.3690602651478496,-5.351258964528207,-0.004630894523869291
-1.8503819981165073,8.661139535223576,0.0006993137142996678
9.632651027515866,0.5625762980559141,0.1516563290601956
-7.558957411224414,7.048600954970887,-0.0011673223211111385
2.671695809858207,-4.914996683485806,0.007478476846273286
-7.998935085691022,0.059706879090921205,-0.0009088569976448098
9.355019573264673,-8.532222621807195,0.0021507827996914202
3.1757808234482248,-0.3907458281848779,0.03378602007065792
-1.1234180141586094,-2.3107421382928734,-0.002813678392932367
5.885795549503616,-3.9970761545821887,0.07096687076511532
-9.407143299349755,1.6439742878040047,-0.004231792430697887
6.578855893340098,8.589840673484424,0.11803852330929823
-8.504947726859273,-1.1995804110279717,-0.00017346740698011813
4.508639334406636,-6.668004130208896,0.012060060415671649
-2.5294254002960814,-4.2178719503848905,-0.0041804219546734776
2.7206961440799304,-1.8694227407235964,0.011476856727608802
-3.9763208443492326,-4.688540960279743,-0.0023765786739174213
7.599227224346333,-9.627771612323722,0.00986543110370872
6.539650634385705,-7.615276309349439,0.023459564258322345
0.1860669897234235,8.193039023259978,0.01402974698751203
-5.258252085669978,4.528098981482547,-0.017057094373430517
0.5456762937473751,-3.062682640714427,-0.0005505657575087629
9.361079240802944,4.77259805918874,0.159960384051889
7.2732360989607905,-1.0026287202492021,0.10882764311719112
5.1278592203905955,0.6097294467621381,0.08296163325065292
8.159333310341758,-0.5750387762362426,0.12422645377968317
-5.867052221901538,3.6554508174468108,-0.024761762500042354
9.479690092417929,6.9289901980668915,0.1528486574402624
-4.558144559220039,2.2114401306341787,-0.022131027063303117
4.401776567987376,-2.439935409474952,0.046026290036368316
-7.951184640846504,-8.04401331410008,-0.0001718335105637731
-6.376783016577317,-6.290972063399838,-0.000427495757636707
-9.115672948017412,0.22446589159131491,-0.0011067677201849725
5.334509416583206,-8.941680328361397,0.010480904552644348
2.854181361939398,-3.058651808794444,0.010102295714418398
-2.4033412608181903,-0.7689285781584747,-0.002854324540896379
-9.128914924964155,9.066613718444916,-0.00038666244851943944
0.9708213643016883,0.5170561023890325,0.00475445071920891
7.093735410475752,-0.14984849029549707,0.1098105937311373
-3.206816726525483,-0.2217189699392197,-0.004088614867170767
-3.275025062812011,3.693850359827275,-0.014408556425639592
0.19911834866997147,-9.988103937960204,-0.0028008372632167956
-0.42293658244972576,8.739044732817348,0.007168023544790479
-3.5021720629342497,9.307404247857175,-0.00013956193950831437
5.995452181662133,-6.011251951955785,0.043546200745461484
-4.4211278266896965,0.18115569597206616,-0.005478015299395813
1.9620418104982882,3.275962315081852,0.042427015117406465
9.333800157193284,-0.6358604104764041,0.1418755889206094
9.571168781050716,6.819399492890849,0.1541103854716761
-3.0733148533915866,0.5152274561479082,-0.005933619922310587
-7.541918205439084,-3.1785985784308757,-7.113605601896397e-05
-8.29114541634688,1.616297507859894,-0.0034471916923317207
-0.26548895338664025,8.68338698485265,0.008700699483504557
-8.401187604136544,-4.079588232720386,-4.344901395486722e-05
6.059736592946695,5.909345966243283,0.10635596049869678
-7.685441484269044,7.43023539120577,-0.0008438035447679895
-6.874093060994529,-1.0242009150757774,-0.0004491198949638127
-7.81406863805616,-3.3761650065173754,-5.701644115472772e-05
9.583872634463052,8.486503690797292,0.15742516340137327
4.198259030939797,-0.1937528736494727,0.062127502199397645
-6.918388973724472,-3.0986882712738257,-0.00013306211908689535
-9.52347886970151,-4.9937703575408126,-4.037274510547115e-05
2.3751939216406477,1.8989726333842718,0.04201445267322875
2.8160217819920863,2.447654631106449,0.054046484995538505
9.854856591320829,-1.852726792335142,0.1443009580875558
-2.950692512760275,-3.101959627746858,-0.0032380434779111606
-0.8301336286105983,8.482715219967606,0.004031518723547011
1.411252094492017,7.106171261569568,0.035024301384849924
9.308216669069495,9.955039269527287,0.15933088009895405
-8.2479824849094,4.104898634841206,-0.007108285033076913
-3.4677251661850006,4.587253438456999,-0.011271329386110075
4.568642112324747,4.541358892855277,0.08866527104937702
-1.9497856595393337,8.62198779903698,0.0005505551364735885
-0.4795358052093679,-6.433202859945773,-0.0034756787905302427
-9.025880702444587,4.658025283117608,-0.0061762847122971976
5.865104398032599,3.531594039983821,0.1064282020017994
6.573190548985956,-3.026724581837808,0.08881326575139847
-4.304496355457481,5.553032011205179,-0.006089376654671958
-3.702800338714029,4.769392708444959,-0.010891558408347664
4.138937079523055,-3.824235143883172,0.028739931007360518
-1.8172006995917496,-2.567525968227762,-0.0035371661240358584
-1.5764400425413143,6.406965921552079,0.0010252270173866497
-5.278278266879157,1.3384349925877554,-0.013892702184036002
-9.142423593851541,4.993198555345106,-0.0054770953087629375
5.731214004526411,4.9879800718310285,0.10467647326510594
-3.1399904670656076,7.909176702911303,-0.0003129896706302053
5.299360752352317,-7.2561148988291935,0.01697189511665379
2.289831333982251,-6.651818051704044,0.0012707023598424042
9.813133254462173,-9.14458010478895,0.0010890788960565972
-9.818993127348064,3.3372949044477735,-0.010420817798871258
5.932337216456311,6.6417889573592745,0.1043840089266883
5.750429882187538,-3.623198660259619,0.07135132277050085
-2.571165907727819,3.207012473753794,-0.009567103024102169
7.913636702400851,-1.696075169357032,0.1155622947831084
6.992308871821365,-3.8877172976902923,0.08998758227380962
0.3927976346343609,8.117757242735589,0.017209674586153183
7.2664861085476,-3.9243851045585387,0.09376100499513228
4.752004265339359,6.2584246132673655,0.08849404012212919
2.037515711769217,-5.862720921362056,0.0019583828810295846
-1.7574808077236508,-5.046581250171338,-0.004658204831607696
6.0332088965166015,-9.664434357271565,0.013781082254099106
3.6907182910317164,0.9539545632703668,0.06083438868117133
0.38693546331234074,-7.556474689811418,-0.0020405118253707002
-0.9376111004414351,-7.531214609579424,-0.002612928547594754
-7.662700795096473,7.941535679777555,-0.0005852155118663974
-0.9703267032245062,-4.943646588216164,-0.004997482436946528
-4.925897669896049,0.3458626534496805,-0.005945141309602534
9.709064891101029,2.956112766696343,0.16303049164658404
3.9708155530663163,-8.407170661810362,0.0031027320945447743
0.9989182018785403,-1.1335394281241644,0.001653549726323966
-1.7671410562927488,-0.899912612543881,-0.002239011608135489
-8.056679259956113,-9.299999423365552,-0.0002349367610281889
7.411107490853595,5.981218198023132,0.12510846562482156
-9.137837157004762,1.9279833281850038,-0.004474774665703166
-6.324483038307383,-2.742280023323776,-0.0002437576152982275
-6.486728055614293,7.2643041193284965,-0.0010220413164820413
-4.7342123818738635,-8.513426413034658,-0.0017391596655831917
-7.736385355085784,-0.7651221099285337,-0.00036960414818821056
2.2316568487612987,-7.946753595420974,0.00012724262455707656
6.766707117728071,-4.715683755319803,0.07796637328181305
-6.944489467470609,0.3258049325554744,-0.0021662292335769503
7.569772404345059,2.7105413414837614,0.1294495300951547
-8.992106168203499,-3.8655300547243554,-3.0920749040859214e-05
-0.0836643131045296,7.194843897229646,0.009568088095043394
-9.889463186166768,-0.5566575580480873,-0.0007236296885948408
-5.987956171607096,5.915684435705087,-0.004303719706948098
1.903917725155928,1.258707124720992,0.02479212118744402
1.8666432055364552,0.5371445481498842,0.015454087679151855
-1.66020186532368,-9.835835086626165,-0.0026922153569118945
-7.518655134089805,2.615428281478609,-0.008008878429549159
-6.7806158746637575,5.551019277545272,-0.005474716016969253
-5.982554518778976,-4.847670539134567,-0.0004748686415959694
0.5541069180707847,0.5977000026911128,0.0026498865687344035
-7.940835487859214,-3.1907135982240176,-5.0069071594163105e-05
7.504301268685815,-3.7328466998800236,0.09873396913430907
4.940014447275452,-4.516026230344005,0.04461850076323115
-3.056054150312038,1.6451860864100745,-0.009824500472900163
-3.492469673467382,9.223581606203485,-0.00014610353988264745
-7.758838083333761,-4.477447544798849,-7.854455681568325e-05
-8.318371938019718,0.4655732489955611,-0.0013012215382351411
-0.920429348498569,-2.883420961394963,-0.0033895071064547226
-9.263615292412329,6.032887939147397,-0.0028313325101124937
-4.43737447516702,8.100500331147831,-0.00040677748741077053
-8.455681583089682,4.118990460338267,-0.006875183341939507
-5.0538781275825055,-5.4552795495447,-0.0011815653948655585
7.169885210830781,-1.6573262865421938,0.10437500243336974
4.130173667441568,7.75903596166096,0.08301278496462657
9.541964361364126,-1.1830313929562237,0.1426432884277043
-6.757500953812075,-0.5479499558138059,-0.000877978625279874
4.983655229758687,-2.8193424948189216,0.06001794121367155
4.385460939655879,7.358419709237399,0.08531041301606747
-0.3727961980925585,4.3137871753088355,0.008467914216611801
-4.698007366989527,3.4482578698009263,-0.025817154037377426
9.886131972489924,2.6139925533080355,0.16434717711834906
-7.4900406810622915,4.6945560241367374,-0.007728398229362611
-1.6967445249547257,7.268498250618407,0.0007784524792316282
-4.487925314395504,-8.314848612422555,-0.0018614055361134963
5.903327054675842,-2.933632520785155,0.07841480344518686
-8.922060241826768,9.385315366692176,-0.00033840944922291556
-2.66417385916802,-2.7800855964508635,-0.003365560934254898
1.3461728302681024,-8.323651888914462,-0.0010305611018000984
5.162432557464671,-2.90834428750673,0.0638524917217421
-8.717490444849618,1.6392913070105415,-0.0034254392412619004
-1.0447223595481674,-4.28122178557913,-0.0049626343814010015
0.9208590494036883,9.667041231974231,0.028687801109548248
-4.968096062793224,-3.5188742397680572,-0.0009210659924664648
0.7783511964743646,5.312695893524095,0.02357509683756323
-2.942102674201406,-4.9677400679882755,-0.0038656848192475056
8.72114924972934,-9.186936172296496,0.0035890020082912887
-7.120540224987635,0.39705501537972765,-0.0020698700593976623
8.138114608638986,-2.7457597616878626,0.11411634914848053
3.6452274672162783,6.587523662528859,0.07348474777915609
5.184852396762183,2.286929365013272,0.09120356685611461
-6.065465721794805,-5.513972606040709,-0.0004978127290246933
-1.397219151085455,2.5648419696913365,-0.0026979401591590707
0.7643088320582159,9.35066056155905,0.025500899272108416
7.39441697559716,7.892213385552541,0.12647232793704455
-1.9804138281666273,6.409930299380505,-9.225326453495203e-06
-4.925219656562092,-0.8206749648100242,-0.0017645180895123624
-0.3656205034055571,-9.514241670212119,-0.0025637308295233846
4.47765944756274,-2.308567510141719,0.04954844097812144
2.2409234055339393,-2.1292177290980208,0.006342418370720912
-6.1623432177818405,-7.5565489360394285,-0.0006206512785810033
-5.911592004328727,-1.6346989837900665,-0.0005026223064402981
-9.087159315062303,1.8625373594173862,-0.004237096262638672
5.977104050184048,4.138438346954009,0.10939249295454709
-8.178842017049826,8.214462294994185,-0.000500948172466502
-0.7497159067653101,-3.3398793672537908,-0.0038811831327996782
7.192081552146625,-9.967056062819623,0.012404723442341456
-9.091584882118669,2.740520875401524,-0.006350262641800162
-4.8913759976904725,-0.29254297756821934,-0.003047639327258749
-1.0770318971572141,1.1061391138669272,-0.0014774490970546517
8.287113989970614,8.450851154467244,0.14002551644883487
9.851743354025903,-9.302789238841614,0.001026485927059085
-4.120439908898086,-6.309602570037902,-0.002280715212253219
3.670364529578709,4.93104113781623,0.07518141949456952
-0.9064307040802877,-5.180169101095425,-0.004884620397178386
-2.001395686714586,-8.604817536079963,-0.0023908673275223353
-0.6186833046742262,-5.790071166097359,-0.004300038014096194
-3.3830969738130605,-3.4990882874930263,-0.0028477045823276847
1.835301729063703,5.537159330813164,0.04302495131509958
-0.8337383300996173,4.219347775002467,0.003985943655951752
9.611691448258583,1.2580577922437026,0.1543638629525557
1.7104740254462918,5.739131533624558,0.04030386307829844
-1.6229356538387165,-0.5244798936484152,-0.0019902398673492844
6.007429635854024,1.9215131706033706,0.10221348795676632
5.926159839564285,3.643962878553859,0.10768528407289332
7.061849351607037,7.877448897408264,0.12204424385313523
6.43608687229527,7.840812358231176,0.11372392752725448
4.097590693695894,5.270296247161468,0.0809457725825705
7.703135577829503,7.879900874510799,0.13052341754334584
-3.305471631516845,3.7579666848517324,-0.014469118144186579
-2.928607984557699,4.460034282629879,-0.009211904843122507
-7.362689541224318,-4.719349434184721,-0.00011976203456960149
-4.090437902858996,-6.606037877911534,-0.0022606519764110326
-9.936275054119566,1.1379181370359408,-0.004275063949379114
-7.15599822770521,9.936853742191904,-0.0002606314714510519
-6.995957767013037,-2.3498763873050095,-0.00013112287972995708
-2.7651597209343652,-3.1932661536533624,-0.0034868354999364635
-8.522171427872776,7.6543638542330825,-0.0007175828712960373
-1.562824032020952,4.863537408106563,-0.00017774383707256703
-6.783612023623784,-3.2030899056038686,-0.00015526425685483884
-5.908655533743561,-1.4669316625473279,-0.0005711613448939866
2.73156133116718,3.746141179659194,0.058114756890170066
-0.6044457608358726,7.573860571313766,0.00510718300711121
6.833903646608832,-1.3796904483562393,0.10045790850065463
5.797331538980352,-5.875826194101719,0.04280073698851303
4.2620696639676385,6.281750701970967,0.08187782327532256
7.477598638275552,-4.038482743187439,0.09574853961694287
3.762378005920745,1.8636548049718211,0.06717685696808641
1.7231924031362382,-2.5223145349941367,0.0033513799071607964
-9.54187541739037,8.533226630502323,-0.0005177091216740435
-2.2768591469313293,8.990163992217461,0.000256277993368765
-2.4184327725004895,-7.1943568764362205,-0.002798423618892544
2.4879085739339253,-0.917829159571717,0.013117901304334253
-5.291669333018274,3.4923005316072313,-0.027551817648256066
7.326453327807265,-2.489805581691698,0.10302789223298402
0.8954854814176709,-2.5111729526177884,0.0007702404839643849
-5.913803267240237,-6.190404655932584,-0.0006349450819713844
-5.518213138090589,-2.1745699434130694,-0.0005435305536557139
-4.558273075216017,7.267530887505661,-0.0009034452627700636
-5.95739538127384,-8.180637141841336,-0.0008061602735046482
-3.138287479994702,8.702179857971235,-0.00015378497100561675
5.214925449748408,8.875146579457219,0.10122095699266287
1.005685837114017,-8.580847071912,-0.0014246402526140924
8.389950616145455,-6.108929298696415,0.039518970391076255
-9.713850884489318,9.440695249289874,-0.00039324600437967553
-7.6876030555186725,2.552805990634411,-0.0071099595694140245
9.573810017197317,-3.966353910774732,0.11007372207131748
-5.397052715752202,-1.4446028635358115,-0.0008191998931353926
-3.7792217521126714,-1.951503755283536,-0.0019514169583141157
-5.870905310878658,-0.4073405658477274,-0.0018190818833184355
-7.0016441166659815,-1.3575764335014426,-0.000277318012970297
0.9764132653116242,4.089866573614259,0.02695007294315316
-1.1755068771985062,6.387979764127142,0.002452144919555787
-0.3484603067995362,9.038438963520804,0.007988592672914067
3.144052770673465,2.541668730002007,0.060189544585344215
-9.078333426527871,-4.484059839306591,-3.643895202918388e-05
9.090138709449537,9.743111897588562,0.15547713629617538
7.708114162450553,1.1167636745356901,0.12471503842972795
-1.647812700316205,-8.707267934853835,-0.0023908555050185594
-0.8499694615281221,-9.207059756381973,-0.0024686403949433365
-2.248277948216579,-5.052612680632489,-0.0044026508545136145
-4.48011296616836,8.901673261673487,-0.0002411830364985456
-1.8506293333916073,-8.387441942587175,-0.002396030450500652
-3.8866610840687255,-5.711415548643481,-0.0026360476732142164
-6.8712745102006085,-4.8699726711859,-0.00020035680218964317
-9.556972201522553,3.9804169779468435,-0.008803600320068791
-2.2074908369980184,-9.077078239047083,-0.002449240281912882
4.308393812738963,0.3393952466016099,0.06809927946239097
6.750314387197495,-5.4656064498184005,0.06465983889590521
6.111633918074631,-6.05722667032391,0.04438761183774349
6.273013110617455,-9.749278677822016,0.014363254153385734
-7.382250760866842,4.36941371914145,-0.009295476594879348
3.822581123732437,9.532188484732679,0.08474852326794748
2.150770887448722,9.240861882904273,0.05618202653269047
2.6123850668605826,-2.383629247970571,0.008901634723632416
-6.114637956502971,-4.119570779081401,-0.0003625646017903214
-0.8894822982691188,1.9721824439518016,-0.0007650806720335545
7.161260690403125,-0.9455547740195378,0.10736658073171892
-3.141368049521393,8.105443726958036,-0.0002606676765323093
-9.795027761569624,4.8491787064254925,-0.007574879721868428
-5.419700059779354,-2.630433753858801,-0.0005679151845395278
6.347881081455402,2.2530329542848104,0.10884217800393446
-7.2378131479316865,-5.240497547105423,-0.00015356158216679034
-3.989628077466789,-6.121172809235693,-0.0024596362416639114
-4.632443032829913,5.1215314268463885,-0.009818260404540941
1.8039339701154624,-7.8307507305120065,-0.00039161747041120963
-7.729349061277915,2.2332748388013,-0.006028619403448763
-8.461177089433427,-2.7469865811752765,-3.7277776151414897e-05
6.898109967267445,-4.184333289343469,0.08602678526544442
7.175874215402004,8.35531452855956,0.1250527780227322
-8.174219373023705,-0.4593528976520851,-0.00047062638171736483
-7.45237489337465,-3.8027022298975606,-8.706044250809463e-05
3.437576177702482,-2.8844305099222067,0.0180214537600802
-4.017960786114852,9.488973508621399,-0.00016265802368792807
-3.742915904747031,-7.766056689335565,-0.002257642015250123
-8.668652214140737,-4.02514853983017,-3.6881192369763e-05
-2.8081973043528556,-1.1027166708422271,-0.002911308621129336
-0.4021018508503733,4.942307146677646,0.008655418264869996
5.614720703939586,-6.913731734823942,0.02410374052529318
9.61597352627781,1.2478686495876303,0.15438478399372163
6.615921077831235,4.579418058968832,0.11878984744861261
1.2993735608494301,9.830888038135111,0.037334205902078095
2.20468064760831,-5.03912430266507,0.004729769264180585
-2.2580627114261898,3.202224252586916,-0.007459726786007601
3.9216961694651804,6.256821858213538,0.07717520227706084
8.32526945408658,6.629368086727531,0.13699411063942268
-8.762262706241152,-1.9683012638397415,-6.432327757245347e-05
-0.031079774553276707,-8.830601218009788,-0.0021904576626126057
-0.4240337217336858,-1.5208603377605208,-0.0010500293752855338
5.358505365474969,1.108219311043113,0.08874308836104361
-7.8577539860048145,-2.9602836568889312,-5.3192276588959535e-05
4.9873987360595144,-2.30060656687332,0.06382288672528119
6.838279324706161,8.837595213874948,0.12229171254509566
-8.68876193310622,-4.683581689257526,-4.4943930966656196e-05
6.37310006893421,1.8185159254755199,0.10736024075825847
-0.5890911594193842,9.474792287627672,0.005872706515171941
-3.8365101314235535,-3.1713746360103334,-0.0020787822048507505
5.705982876767932,-6.88908970968197,0.025537377842152983
-0.30413973986700427,-8.874968068577122,-0.002291533192245161
-6.036400294155171,-6.855904930836417,-0.0006246401101392566
-4.502697249237942,-0.48426549634313965,-0.0028341737145942667
-9.645668782298815,6.441814510516309,-0.0022605027462940857
3.0903795981033806,6.5625504987653045,0.06517801071565325
6.562690633133428,-0.9591268790228806,0.09815211715289976
-7.3612438775677465,-3.7650460026647004,-9.436960564861258e-05
-1.4587651748401278,3.4211209000794263,-0.0022680324343911182
5.8447578850230375,4.249866256038665,0.10747245370746406
3.75276524376336,2.786978981432961,0.07117848202475605
-7.173716915401398,-1.5604308492401984,-0.00019613047597943532
7.935531487068104,-2.160043249125052,0.113824432679922
0.35081388753648035,-3.8190907854310847,-0.0022987802248151216
9.234350098432117,8.893541925067922,0.15413620582352697
-0.5810385420129389,-6.347407405578731,-0.0036048363931002595
0.6748290846615408,-7.909334437433417,-0.001700825299041503
-7.281843605024956,-3.3088652686903597,-9.351317495473581e-05
6.973025425233995,8.378710991222153,0.12247242914760056
6.283146998120429,0.20609735334337742,0.0989717322658881
-7.499867720392226,-2.1454946247421125,-9.249957277855661e-05
-0.8256436082634693,-9.570324825671337,-0.002619258090479611
9.407408389387143,-8.782101547939352,0.0018233215983777993
-9.798009619331893,-6.792796793380404,-7.047974879225825e-05
5.313261986979175,1.0121033299073279,0.08762494102947152
4.976268222730152,-7.820219019534451,0.010506082679669864
-0.6627062131870645,-4.318739917725283,-0.004935568377592146
0.7366045092476714,-0.4267270716034215,0.0015391245143712142
0.08354151246794572,-0.42251547587072125,0.00015997463576691487
5.881842746704747,-0.14195971661911244,0.0912890233659689
-9.794730624181273,-5.554883772410422,-4.89687760412449e-05
1.0675493061495303,-5.5868496803234,-0.0016014821819413025
-6.915843385082763,-9.430017962493721,-0.0005418827098654952
6.153534825281486,-3.988683096324608,0.07580369835079007
-0.09110979722118095,-8.714937826377916,-0.0021897519267896756
-5.460173878747046,-4.630549414774514,-0.0007335464935079366
5.784817738846986,-3.88358196528338,0.07001583678069226
-3.737522179148451,8.039213761714109,-0.00037009743284998026
-2.9845845261020587,-9.20180425615353,-0.0025104578797874345
-4.177125582706436,-4.9780440287909204,-0.002150319186046701
6.068944651253968,-3.7222127588284764,0.07639035897350942
9.94825155367679,-0.6984589872622387,0.1509573927589447
-0.8281865927277892,-7.40280181973072,-0.002672295439578637
-6.238693998871893,0.9325190525902691,-0.006605303483724053
0.5856041003625219,1.149925592791888,0.004762389236335271
2.318356363698257,3.6543049736337867,0.05049332656266653
6.825943243755795,-8.24806826726445,0.0181562291252336
-0.28736847447730973,-6.585085557508046,-0.0032273577060358666
-3.983575422225087,-7.028912707243638,-0.002260897144845842
-9.245317485927636,-7.655756025494038,-9.232733787642553e-05
7.661541544505901,2.870995684683832,0.13150692581594844
2.5755956160049465,2.215734476200984,0.0482951544072088
-0.5960222559653676,-8.985645319184908,-0.0023781875396338553
0.6083612050277925,8.610604257775499,0.02186622428696071
0.02721484863711865,-5.755319142174294,-0.0039982873605282545
-9.280398224083655,2.725754163327341,-0.006756579279351837
-3.10500623482445,-1.7205520105921916,-0.0026583437713428755
9.377159119921672,4.722506176872896,0.16037567471384548
4.029717191222746,1.369736667077209,0.06910063180440935
2.682029953140738,-7.59677864590574,0.0009598394148845399
1.1210814073254571,3.1828439264209525,0.026149399303425302
0.4092509939428073,5.469372499181011,0.01757181862328141
-3.060452934925162,0.6377396910493278,-0.0062928944294583615
4.893188201966085,8.085634298651154,0.09428150299882258
-4.673135868235221,3.448445613512394,-0.025675636721574347
-4.618470383077726,-7.384257347332808,-0.0016984419109770436
-3.4731179221711406,4.4131735832984305,-0.01245168509116369
2.884672849700534,-4.045664547807495,0.00974662658385778
-3.4518276670296295,1.5167588882210215,-0.011639540921419333
8.627174471795716,-4.435086340632541,0.09953335789161677
-8.403463165904231,-1.6001814810003303,-0.00010357275250592936
0.7005238132263756,-1.7525469868783325,0.0006441207825922524
-7.957365038063093,-0.0826059711052558,-0.000783388729183043
-4.239735863544736,1.4891111121521625,-0.015032700555475058
4.839829005595995,4.342551762118362,0.09260590049909082
0.33013143349353236,-7.337978688651878,-0.002185921446408952
-8.1855574492917,1.630270502383084,-0.0035589941696205487
-1.6859781727836047,2.4371403380174623,-0.004065443225473853
6.945732284952328,8.685212906163887,0.12316113201945005
5.547062645293044,5.850580382682647,0.09952359347110783
4.61291938611045,4.948089505890966,0.08891081983475188
-1.2547697081871778,1.4408605061384083,-0.002020245410925802
-8.088827781938638,-3.375344195460843,-4.5608186961147296e-05
8.192702515969977,-1.0277871570818533,0.12275676187376602
8.04176210991061,7.012725808661738,0.1332143145025007
9.613448503580674,5.244117932818446,0.16119390116844737
0.015305708616244473,1.085011356207616,0.0014950543869017524
-0.5201184944818298,-4.815808742923231,-0.005025022295351402
-8.94269038573665,-0.06814669198478462,-0.0007607411368702865
5.0586156060820215,1.0855460435698134,0.0840246047047748
-3.72719544216438,0.6847132401841005,-0.00815571192141497
-8.613318706988247,0.14289526369749517,-0.0009154732554016003
7.877604940908508,-9.257003911375897,0.008388511662160845
3.747056179795539,8.46723073704069,0.08001901462615998
4.086931723885964,-8.382692861452421,0.0035761704381465165
-7.999910933572469,6.854770274477399,-0.0013319049095910664
-1.9584425394135963,2.7453315175296726,-0.0055806616675340035
9.894836531527275,-5.113678465809766,0.03661156763961851
8.096983727133345,-0.38318830755104116,0.12411242467018471
1.6808186828133582,-3.192939017536327,0.0030988557270367795
-3.403222261258831,5.0693405776714595,-0.007759892378811506
6.864347183167844,-8.698039257316587,0.01570863088107544
4.22225686642876,6.656107727623663,0.0816210001928611
1.471828950656242,1.6441822741879335,0.0203854849464633
8.453338814289996,-7.000289329499941,0.017408310585251614
4.150026177450659,5.5265158770621525,0.08115708651576507
-9.187874980160334,3.149531965385677,-0.0072812769118120605
8.927461525747983,2.926994636194852,0.15103979200049364
4.035670564960892,-7.844121576482266,0.004045734653928131
9.446416217470205,2.4779890581912447,0.157095002840683
-0.5031624223129754,8.342124262476926,0.00625223424677973
8.910440320264176,-5.70208840801024,0.041245854145813
0.2130439432691933,-4.478116310265521,-0.003818838215316799
-7.417156318871321,-6.848295581087944,-0.00019009226743249457
9.346808902993164,-6.388778683584276,0.012998484784894574
1.276238882066414,-3.5058379564461024,0.001519003824937601
-9.917963117107643,-7.170698165847346,-7.814008145079249e-05
-9.203995737785442,9.562794268995969,-0.0003378451955194238
-6.74368228224971,2.2816232373948644,-0.012067133951814463
2.7466671876265636,0.5868250271635773,0.035994416110423894
-3.5982000056590575,6.794499545589385,-0.001274550084220711
8.516045979430885,3.5306212937081263,0.14695994732199563
-0.9834531326799123,-0.6683390457497254,-0.0012644552493242566
1.2476552392843914,-4.564593512605457,0.00042388153983214565
-0.5479437097231372,-2.7968507747065274,-0.0027291215565919975
7.46537737108083,-2.462584094401965,0.10527451078677745
1.4993745499373965,8.040478145486109,0.03950303115979343
-8.593431747963301,-6.922153317743462,-9.149150725835631e-05
1.9753016007676543,-9.675072758402553,-0.0008325099441844552
-0.8918804455404068,-3.1376337984142584,-0.0037320186977190363
-2.128569750014586,-7.302359263219844,-0.0027559133675829914
2.6565383937654445,4.609896073819478,0.05871052026476149
-4.589231247323204,8.93186056657401,-0.0002422230376730463
4.540370011120558,2.832913583014676,0.08362061997323103
2.953487002330961,1.260462480695626,0.04859875244658164
0.3615335824356052,-5.646185473452288,-0.003616619347612892
3.013988527812405,2.6479613862687543,0.0584817359328037
3.994886726360553,-2.9514740972169484,0.029852002695386178
4.622788621477994,7.494526577276151,0.08886950583394256
2.0668493142914173,-4.446219732459287,0.0047482285036744
4.933517095033604,-9.830076347597483,0.007930695550387916
7.163848955674883,7.865186961513405,0.12335076346796275
-1.5333111991762394,5.888148230540505,0.001072748475132745
-6.244193304724844,8.371692389597627,-0.0004259659165128935
1.9911721031502374,-2.0233942728814336,0.004908266495759063
7.69361102892077,-1.748173829615812,0.1119740461573352
-6.452313599739536,9.308806816969064,-0.0002861505386473813
4.679067581113754,5.161458694351754,0.08938867579371719
-9.305836717959728,7.340497721578281,-0.000999908492881264
-9.729092232547137,4.552269123130486,-0.008339423936839872
4.038919314670043,8.881468149346109,0.0855091030815099
-7.730257895482191,1.2416703693987259,-0.0031599224848492756
-6.672885887286251,-1.3037169510664768,-0.0003772595862852661
-6.042872983977164,-4.326136886637483,-0.0004047724430492212
-0.11661338783888553,6.64316194511035,0.009307554887442901
-7.243222776437863,-6.3650451524853136,-0.0001981391649424283
-7.759098830438795,-6.606102655512021,-0.00013792388404503095
-5.560077280518618,2.248543084613729,-0.02280205317491727
-5.971791896295415,4.109242787271059,-0.020471952748286937
0.04518090566562982,-5.744796677931974,-0.0039906608962701744
-1.8805541456829662,9.18507251536138,0.000732380518890003
-9.731839650077845,1.5452410369687897,-0.004865606882722739
-5.983822744701131,-3.495150942487837,-0.0003677169637972247
-8.60749157136695,-1.2462424108315382,-0.00016285860801589197
6.362856388523625,5.7466134291507664,0.11092466957361594
0.6005778213013002,-6.116408056959834,-0.0027529027541672705
4.335047956452389,-1.6491280485525923,0.05157176283761861
8.517595588068449,-1.0260408192136712,0.12772221041153228
5.952717046311893,0.07968604441791527,0.09335460597978583
-6.192186017588853,9.489917893050695,-0.0002601998448790257
2.1156291140366434,-6.064482662329436,0.0018135869080528797
-6.0852126624868585,6.700786871800112,-0.0018145634768605122
-7.715223242369564,-0.8352555522089649,-0.00034114037589885504
-8.791962009923493,-4.860555634575785,-4.553959172996241e-05
3.862801760728857,8.27989007264354,0.0810110524824194
-3.838630365075404,0.8225423539048187,-0.009165817530946268
-8.917894094708412,-0.00638393013740135,-0.000810731336899118
-3.0721506115236386,-5.4723368252105775,-0.0036399519715806313
-3.1072028971115317,7.088211808350312,-0.0007329605723391478
5.032790953796464,8.156500680030156,0.0963570556911824
-6.250744592218192,4.358357363407475,-0.016422182061830323
2.5334709079170317,7.4727801904612505,0.05805959089650315
6.432905701600461,-0.6112405485328924,0.09768966450627363
-3.395079885241845,-9.061975915482666,-0.0024583897413503085
1.5326977187887074,3.9346238862545526,0.03673462466648847
-1.2054683392631098,-6.272505912629136,-0.0037210532359899626
3.0488100221239183,7.960443777622444,0.06804558995744829
6.571939966010881,4.776598056649737,0.11762878674446578
0.6805118815493785,5.295924948250024,0.022007145696621176
6.6032882800518,-5.769669183543296,0.056514868842444915
-0.6223172434996389,6.645250869705674,0.005160729561384508
-7.576634829668194,-5.271029089609449,-0.00011408525592860103
-9.234767102619763,-8.515151785265866,-0.0001189177482053752
0.5048757352285911,-7.0764465050726795,-0.002163304832897754
3.6764701354742826,5.2304941838435575,0.0749013812650092
-0.44873241908851114,9.38218629710449,0.007054585098236493
9.782322616568447,9.552892417367563,0.16402726958814312
-5.137714398828905,9.319977354996155,-0.0002256323174865818
-3.1744565540949647,0.3192627361569418,-0.005538746798937256
-0.6603540778446941,2.0731027077798014,0.00034891327464756414
2.611277531962733,-8.36737426680127,0.0004241454774162002
-6.572752054429292,-5.915640514753573,-0.0003337923953896778
-8.855132189622301,-5.714101313990496,-5.847576996449333e-05
-5.650382100835271,-9.449204488635763,-0.0013931085175471838
-3.759892806127871,-6.0692435363751995,-0.0027341298127878805
4.596594696286225,7.15727148443634,0.08763164409404736
2.3650899158878502,-5.2765987124297435,0.004983412800063292
-6.884049643492977,7.907782736644506,-0.0006005204025946122
-4.904588998506183,5.83008876335791,-0.0047478044523916185
-8.098646382586116,2.7421920081846647,-0.006421729155175646
-2.103376626177848,5.676497949652216,-0.001218715437403373
-1.0493079819239028,3.007892838915879,-0.00030061042588499706
-3.664027048432718,6.421367868022326,-0.002011206885250152
-1.325216768062699,8.027565299075153,0.0017605262456396127
6.980183863083646,-8.801024899341476,0.014954478059718833
-8.332797695056751,-7.033089184849112,-0.0001066260151363665
-5.90766049163733,-0.031577972686134714,-0.0028018158876617306
5.154924270545742,1.8000429503276187,0.08864415329063846
3.2535110357511954,-0.20499632559917202,0.03845218775640085
0.39414733078894315,-1.1897118979421002,0.0003143384092439419
-6.308818850343991,-2.620206246579812,-0.00024875971969341064
-6.581654163131681,2.1582589057746215,-0.01283182490130981
-7.059391405907009,-7.258896695028212,-0.0002783282827250076
6.943100549274732,-0.0832475964594952,0.10779972914070933
6.959491863778105,-7.790132149674685,0.021607158759766463
-8.906233851590828,-2.7853501304726596,-3.18576596750422e-05
-3.734004440386429,-5.6439348524980275,-0.002842279833380059
7.299499216650915,-5.446573561244477,0.06986596967901211
8.448735995076852,-1.1048610510807926,0.12632638468805027
-9.032879428309183,4.839366406760568,-0.005747640130959747
5.445531768931552,-3.8631511510998973,0.06328372494527466
-5.817202313111027,8.13312365404309,-0.00047649422021868334
1.8953667170631192,-7.668229566286793,-0.0002218247424314828
3.9673353986702224,2.0368712895019154,0.07127536128397105
-5.9706929901827515,4.513210856327666,-0.016161478984331675
-2.547578540527777,-2.502092820411372,-0.0033026408242776773
-1.605534296039707,8.05961928912862,0.0010466037724991054
8.359999209218213,-1.242462778817897,0.12436923901452421
-0.4346274867532536,-7.209668600729929,-0.002711115001838065
1.3816486254186593,-4.777189249911675,0.0008177919770107873
1.4613686528581216,-8.18495032340392,-0.0008796008919097195
5.750684398632984,9.240977226014099,0.10954928816801744
9.184803568694111,-5.456343951844511,0.04335706121322463
-1.681135907045057,-4.571597717234592,-0.00479658713026405
-5.861687105712477,-1.1460743097740629,-0.0007901334170896351
-3.413130014393282,-2.146948739172407,-0.0023726748167886115
6.931185422683338,1.7359609471397714,0.11553516787113127
3.8008841634576367,-5.523114390183503,0.012984553135357284
6.0172513587993315,-2.4845058501685475,0.08266305893845577
-7.381538150439333,0.6780723478805832,-0.0023254721415776262
6.838194804997745,5.892661478394794,0.11718096397115567
-6.705394659850022,-2.0282994609736793,-0.00019960871521774803
9.709867123257176,9.729430031619568,0.1637941341673479
1.5097961537651283,2.2731857668665576,0.027290018707765033
-5.712733261926459,-4.671840952597455,-0.0005893478158515097
-0.4846489635410105,3.2802444012185,0.004660236603670288
-4.867403775171932,-3.88902516259352,-0.0010676849388480546
-4.304665990750037,7.44001339015767,-0.0007291753225189671
-6.310242903693757,0.5580014590704643,-0.004331761437263129
-2.522720296891732,-8.36152495732125,-0.002399511452651462
4.100296370969687,4.489706407113353,0.08170195174490368
9.622137688434343,4.607769617214467,0.16432576573693075
1.847390469344747,6.985477149722694,0.04376711751574094
-8.218891068183453,-1.6006797805947315,-0.00010752371826770786
5.9674003227852594,8.264712479579835,0.10895695205702959
0.8831095477803785,-6.8521280912705045,-0.0017792534061158124
-8.688480504166346,-6.917315376586286,-8.790760968504072e-05
-6.693850348724846,2.5947436042618293,-0.014297042575146747
-6.212546606687404,8.847053108972464,-0.0003306715247337767
6.653721741588527,5.825245333225125,0.11476830724271798
-8.808935680448682,7.722626966507182,-0.0007039742273250374
9.080831256158742,-6.283294256973322,0.019379625760054003
2.71957667262123,-7.035381544574262,0.0016471972716470638
2.932275413202916,-7.3330736391875995,0.0016545915617356137
-8.13027965599584,-5.407028184785223,-7.729557428831072e-05
-2.8029065542469045,6.7916653729673655,-0.0008253147159170561
5.373717672067901,-4.951037019077682,0.0495584659099787
3.093951844986641,-5.793430624048632,0.006555137499150464
1.3782078369659896,9.568697182523952,0.03941870600794052
-1.422256037809845,6.899354512425749,0.0014458993252108618
3.0141547438950216,6.967742322336068,0.06468552483985092
-6.392673412974313,6.85875379178637,-0.001525062632900438
5.354656913822652,-7.471538050519808,0.015989656089965026
-3.307402065852843,-5.722510131210949,-0.0033245708735892446
-8.573669271553438,-4.002446328090798,-3.846592243536662e-05
-5.614329732637378,1.2792076499932676,-0.012208395783653795
8.897902247653736,-3.1545614344256068,0.1225590105677553
7.322930219573497,8.340486374716406,0.12693426902235794
-9.980811954544887,-1.2483828082384996,-0.00030994362550733893
7.101615234163095,-6.8278023240862895,0.03541161212875899
0.08671028736802633,4.2057326249442735,0.013587775236730956
-1.834094683278746,1.9365691622884729,-0.004310544456274731
-4.0301612523280035,7.2323541325372815,-0.0008647757008066178
7.255527354661041,2.85745080900403,0.125244134117052
-8.1799921524635,-5.589028793388973,-7.884253397383615e-05
-7.460630893848403,-1.2235950384499112,-0.00023834482879435084
-4.0655716584280865,5.071026597238168,-0.009402135758940165
5.090766898829443,-3.5836675506399303,0.057138316366811034
5.480791167935939,8.515231392980752,0.10344886777344478
8.792790228991656,-8.094655688830578,0.005344515789955351
8.288680435982453,9.138729051486003,0.14243912451561797
6.699671669642157,7.7126773236851385,0.11679929016087906
-2.0756812833185894,-6.7772231397138665,-0.003135598607776433
-3.9043041654245636,-2.461548240862892,-0.0018245351582166938
1.8560619721285896,3.4987557243194836,0.04136113336867115
-1.2666079522397933,4.685858076169971,0.0014469646714157806
9.736462341398145,1.6757372197271856,0.15807586695332565
-2.5548672736313556,3.1034541180648283,-0.009435591559155644
-2.5732813730226756,-7.425810534978177,-0.002655510711783264
2.1442926762414753,-6.267401917608435,0.0015086462693042046
5.140398371462849,-9.773711116049222,0.009211415960286054
-0.758880447940868,1.0968151392872194,-0.0007561320089283663
-5.673691653527635,-3.643723376201873,-0.0005051759003068507
8.19504079869111,-2.674511818267707,0.11533250772404807
1.5325185735705915,4.605008836478493,0.037833530750919483
4.55514815454263,0.27107219366546076,0.07202559959624041
1.0455463694396876,-2.2572459776005127,0.0012482292811558805
7.322538805134634,5.235328500617946,0.1270330543972401
5.9348152195295345,-8.637673736896026,0.014665715284215623
-0.6178439688373683,-5.41473956581382,-0.004709706076558514
-2.200185864045194,-2.9888897015368237,-0.003799662452488837
4.258603296881686,8.669911520386048,0.08777735898099615
3.6403904928677626,-4.858316630092205,0.015219178322236869
-9.947325602412658,-9.56673788632125,-0.00016499203206317572
2.832510909168837,-0.604235747572675,0.02241347957499124
-4.5669405354936,9.02582788578901,-0.0002300255760413553
1.0936031257330328,-7.096142457274652,-0.0013712860420637485
8.836377768243388,6.827602805409651,0.1440316391574931
-2.2322186166704627,5.934984587439505,-0.0011337011285632804
-0.6960688837711793,-5.965341070405616,-0.004094188359586431
1.5982667535298525,3.7549816071088475,0.0374270619984394
5.483229628323095,-3.5534834809022815,0.06653033092715455
-0.2646130167247769,1.5516647753458734,0.0012485399911390963
2.7743118496781562,-0.23123092101330123,0.025495409092125852
-4.2605188219634655,4.497061199128442,-0.015292599103033442
-0.41226734395651476,-8.30968272282577,-0.002274118723992096
1.8618563768236758,7.73144025855413,0.04617394370725406
1.597510706194356,8.430210602516638,0.04268801731879746
6.898862659010273,9.443994223211622,0.12529114114242457
0.14622386200634807,2.5470702175643556,0.007895262124211091
-5.483926266007808,8.285755522712016,-0.00041105686374369964
-8.747233993437003,-9.971614615933406,-0.00022346744990051274
-8.681208453625613,7.109751446776958,-0.0010848961881985198
6.165602939901191,2.5121202916281398,0.10715136635092176
8.945152087839542,-0.2874731281549501,0.1374721608814626
9.892399138327509,2.7573350791290014,0.16502680576041756
2.2946781115190333,-4.3125094196712705,0.005993433643708057
0.042824947270025504,3.613648256990663,0.011438831378365537
-0.834860940541466,-5.814998005663448,-0.0042794227568852365
8.12077490341768,1.6718309622052558,0.13342815662500285
9.153807354418337,1.6765797243086418,0.14920520698697665
-7.2869730328462605,-2.8880535923207233,-8.995101495444757e-05
2.5765218190422594,9.818028667532442,0.06564200176613484
7.972228324894093,-2.512621360264971,0.11275178914246223
5.128553744922758,2.4159480876955755,0.09089174873435202
-1.5552424424204574,9.295559085193737,0.0013741483006455989
-3.8462951047304355,5.529210816554933,-0.0057485644015301
-7.609235487180214,-4.331397334617355,-8.603957571063706e-05
9.776312013081533,3.137643797710542,0.16473677563032996
-0.5527173933445706,3.116224807003391,0.0035609167054769623
9.55834874830888,-4.153853375554741,0.10194600031056486
-3.183826281850017,-6.071802481195611,-0.003277419007104519
-5.560077671609108,0.16521629110044778,-0.0040999449404768165
-1.5219931071610304,5.772425060901414,0.0010705798618209667
6.470986271575253,1.104553086616459,0.10575901818838815
5.223465455045666,-5.193731179528525,0.04265824302430996
-0.6501819980308774,0.4446339678388824,-0.0006617205009400026
0.7843576621973618,-4.8723617496443445,-0.002250872451413877
7.550962604804209,-6.751730619662986,0.03453940941246116
-5.5443811083265215,0.01410017942418662,-0.003468233248713682
-0.45357424680455516,-2.8542480563788164,-0.0026546319125791687
-5.711221261214112,0.46374162631631677,-0.005386285582173283
0.37965118211558746,-7.409636943619946,-0.0021084448841935184
0.25971791600419536,-1.4243883133055775,-1.0102252329079405e-05
-6.903373079224544,-3.3082393186179493,-0.00013872390263987966
9.029374432945222,6.208815112558526,0.1476671377730374
-8.393753360280364,6.622534175287647,-0.0015962516104635852
6.283190909288837,-9.697636446255057,0.014350363431841304
3.5536401143242315,-2.9901382772081835,0.019674318332024102
7.060641317758993,2.0207939830447756,0.1187442292359347
